{
    "name": "John Doe",
    "age": 30,
    "email": "johndoe@example.com",
    "isActive": true,
    "address": {
        "street": "123 Main St",
        "city": "Hometown",
        "state": "CA",
        "zip": "12345"
    },
    "phoneNumbers": [
        {
            "type": "mobile",
            "number": "123-456-7890"
        },
        {
            "type": "home",
            "number": "987-654-3210"
        }
    ],
    "skills": [
        "JavaScript",
        "Python",
        "C++"
    ],
    "projects": [
        {
            "name": "Website Redesign",
            "status": "Completed",
            "completionDate": "2024-06-15"
        },
        {
            "name": "Mobile App",
            "status": "In Progress",
            "completionDate": null
        }
    ]
}